market_code,game_code,draw_no,draw_date,pool_code,number_1,number_2,number_3,number_4,number_5,number_6,number_7,number_8,number_9,number_10,number_11,number_12,number_13,number_14,number_15,number_16,number_17,number_18,number_19,number_20,special_number,source_reference
HK,HK_MARKSIX,F0001,2024-01-01,main,9,24,29,40,48,49,,,,,,,,,,,,,,,10,Numeris固定測試fixture
HK,HK_MARKSIX,F0002,2024-01-02,main,9,13,22,28,36,46,,,,,,,,,,,,,,,12,Numeris固定測試fixture
HK,HK_MARKSIX,F0003,2024-01-03,main,8,9,30,33,35,47,,,,,,,,,,,,,,,29,Numeris固定測試fixture
HK,HK_MARKSIX,F0004,2024-01-04,main,18,23,30,38,43,48,,,,,,,,,,,,,,,21,Numeris固定測試fixture
HK,HK_MARKSIX,F0005,2024-01-05,main,1,14,16,19,40,48,,,,,,,,,,,,,,,35,Numeris固定測試fixture
HK,HK_MARKSIX,F0006,2024-01-06,main,6,7,11,17,33,40,,,,,,,,,,,,,,,18,Numeris固定測試fixture
HK,HK_MARKSIX,F0007,2024-01-07,main,1,19,21,28,34,38,,,,,,,,,,,,,,,2,Numeris固定測試fixture
HK,HK_MARKSIX,F0008,2024-01-08,main,1,3,10,14,28,35,,,,,,,,,,,,,,,43,Numeris固定測試fixture
HK,HK_MARKSIX,F0009,2024-01-09,main,8,17,18,25,30,39,,,,,,,,,,,,,,,45,Numeris固定測試fixture
HK,HK_MARKSIX,F0010,2024-01-10,main,10,15,16,17,24,42,,,,,,,,,,,,,,,8,Numeris固定測試fixture
HK,HK_MARKSIX,F0011,2024-01-11,main,11,12,23,26,28,31,,,,,,,,,,,,,,,49,Numeris固定測試fixture
HK,HK_MARKSIX,F0012,2024-01-12,main,13,14,16,18,22,42,,,,,,,,,,,,,,,24,Numeris固定測試fixture
HK,HK_MARKSIX,F0013,2024-01-13,main,4,5,19,33,36,49,,,,,,,,,,,,,,,21,Numeris固定測試fixture
HK,HK_MARKSIX,F0014,2024-01-14,main,12,17,23,26,35,47,,,,,,,,,,,,,,,9,Numeris固定測試fixture
HK,HK_MARKSIX,F0015,2024-01-15,main,15,21,32,37,42,44,,,,,,,,,,,,,,,25,Numeris固定測試fixture
HK,HK_MARKSIX,F0016,2024-01-16,main,7,8,19,30,33,38,,,,,,,,,,,,,,,17,Numeris固定測試fixture
HK,HK_MARKSIX,F0017,2024-01-17,main,2,7,13,19,23,34,,,,,,,,,,,,,,,30,Numeris固定測試fixture
HK,HK_MARKSIX,F0018,2024-01-18,main,1,7,10,19,26,40,,,,,,,,,,,,,,,9,Numeris固定測試fixture
HK,HK_MARKSIX,F0019,2024-01-19,main,3,12,20,30,35,44,,,,,,,,,,,,,,,24,Numeris固定測試fixture
HK,HK_MARKSIX,F0020,2024-01-20,main,7,11,25,26,38,47,,,,,,,,,,,,,,,32,Numeris固定測試fixture
HK,HK_MARKSIX,F0021,2024-01-21,main,4,10,37,38,42,45,,,,,,,,,,,,,,,22,Numeris固定測試fixture
HK,HK_MARKSIX,F0022,2024-01-22,main,1,3,18,19,22,48,,,,,,,,,,,,,,,35,Numeris固定測試fixture
HK,HK_MARKSIX,F0023,2024-01-23,main,4,5,19,31,42,44,,,,,,,,,,,,,,,38,Numeris固定測試fixture
HK,HK_MARKSIX,F0024,2024-01-24,main,15,18,23,28,31,34,,,,,,,,,,,,,,,30,Numeris固定測試fixture
HK,HK_MARKSIX,F0025,2024-01-25,main,22,23,26,29,30,39,,,,,,,,,,,,,,,46,Numeris固定測試fixture
HK,HK_MARKSIX,F0026,2024-01-26,main,7,18,25,33,44,46,,,,,,,,,,,,,,,42,Numeris固定測試fixture
HK,HK_MARKSIX,F0027,2024-01-27,main,2,7,9,29,31,35,,,,,,,,,,,,,,,41,Numeris固定測試fixture
HK,HK_MARKSIX,F0028,2024-01-28,main,4,9,30,35,44,46,,,,,,,,,,,,,,,20,Numeris固定測試fixture
HK,HK_MARKSIX,F0029,2024-01-29,main,4,5,31,35,40,41,,,,,,,,,,,,,,,18,Numeris固定測試fixture
HK,HK_MARKSIX,F0030,2024-01-30,main,16,23,24,29,35,39,,,,,,,,,,,,,,,13,Numeris固定測試fixture
HK,HK_MARKSIX,F0031,2024-01-31,main,9,16,24,28,39,43,,,,,,,,,,,,,,,18,Numeris固定測試fixture
HK,HK_MARKSIX,F0032,2024-02-01,main,20,23,36,37,40,42,,,,,,,,,,,,,,,10,Numeris固定測試fixture
HK,HK_MARKSIX,F0033,2024-02-02,main,9,19,22,30,36,44,,,,,,,,,,,,,,,11,Numeris固定測試fixture
HK,HK_MARKSIX,F0034,2024-02-03,main,1,15,16,22,35,41,,,,,,,,,,,,,,,39,Numeris固定測試fixture
HK,HK_MARKSIX,F0035,2024-02-04,main,4,22,23,39,40,43,,,,,,,,,,,,,,,30,Numeris固定測試fixture
HK,HK_MARKSIX,F0036,2024-02-05,main,5,20,21,23,35,45,,,,,,,,,,,,,,,39,Numeris固定測試fixture
HK,HK_MARKSIX,F0037,2024-02-06,main,24,26,28,32,39,45,,,,,,,,,,,,,,,29,Numeris固定測試fixture
HK,HK_MARKSIX,F0038,2024-02-07,main,8,19,32,36,37,49,,,,,,,,,,,,,,,10,Numeris固定測試fixture
HK,HK_MARKSIX,F0039,2024-02-08,main,7,12,32,39,40,43,,,,,,,,,,,,,,,27,Numeris固定測試fixture
HK,HK_MARKSIX,F0040,2024-02-09,main,1,9,24,33,34,48,,,,,,,,,,,,,,,3,Numeris固定測試fixture
HK,HK_MARKSIX,F0041,2024-02-10,main,12,21,29,37,43,47,,,,,,,,,,,,,,,2,Numeris固定測試fixture
HK,HK_MARKSIX,F0042,2024-02-11,main,2,4,7,13,22,35,,,,,,,,,,,,,,,49,Numeris固定測試fixture
HK,HK_MARKSIX,F0043,2024-02-12,main,10,12,27,28,35,40,,,,,,,,,,,,,,,31,Numeris固定測試fixture
HK,HK_MARKSIX,F0044,2024-02-13,main,6,9,21,30,44,47,,,,,,,,,,,,,,,32,Numeris固定測試fixture
HK,HK_MARKSIX,F0045,2024-02-14,main,6,9,21,37,41,42,,,,,,,,,,,,,,,36,Numeris固定測試fixture
HK,HK_MARKSIX,F0046,2024-02-15,main,3,12,29,34,36,42,,,,,,,,,,,,,,,5,Numeris固定測試fixture
HK,HK_MARKSIX,F0047,2024-02-16,main,8,13,19,20,25,29,,,,,,,,,,,,,,,41,Numeris固定測試fixture
HK,HK_MARKSIX,F0048,2024-02-17,main,8,16,17,18,30,45,,,,,,,,,,,,,,,38,Numeris固定測試fixture
HK,HK_MARKSIX,F0049,2024-02-18,main,4,18,23,27,40,47,,,,,,,,,,,,,,,10,Numeris固定測試fixture
HK,HK_MARKSIX,F0050,2024-02-19,main,10,19,24,26,29,43,,,,,,,,,,,,,,,2,Numeris固定測試fixture
HK,HK_MARKSIX,F0051,2024-02-20,main,12,18,37,38,44,49,,,,,,,,,,,,,,,32,Numeris固定測試fixture
HK,HK_MARKSIX,F0052,2024-02-21,main,1,2,14,21,34,47,,,,,,,,,,,,,,,12,Numeris固定測試fixture
HK,HK_MARKSIX,F0053,2024-02-22,main,12,13,25,33,44,45,,,,,,,,,,,,,,,9,Numeris固定測試fixture
HK,HK_MARKSIX,F0054,2024-02-23,main,4,12,13,20,38,39,,,,,,,,,,,,,,,45,Numeris固定測試fixture
HK,HK_MARKSIX,F0055,2024-02-24,main,16,17,22,32,33,37,,,,,,,,,,,,,,,30,Numeris固定測試fixture
HK,HK_MARKSIX,F0056,2024-02-25,main,3,7,21,41,45,47,,,,,,,,,,,,,,,38,Numeris固定測試fixture
HK,HK_MARKSIX,F0057,2024-02-26,main,2,25,38,44,46,47,,,,,,,,,,,,,,,12,Numeris固定測試fixture
HK,HK_MARKSIX,F0058,2024-02-27,main,6,10,12,27,32,33,,,,,,,,,,,,,,,23,Numeris固定測試fixture
HK,HK_MARKSIX,F0059,2024-02-28,main,6,10,19,34,46,49,,,,,,,,,,,,,,,2,Numeris固定測試fixture
HK,HK_MARKSIX,F0060,2024-02-29,main,6,18,19,28,31,45,,,,,,,,,,,,,,,44,Numeris固定測試fixture
TW,TW_BINGO,F0001,2024-01-01,main,2,6,8,9,12,13,15,32,34,36,38,47,52,53,56,59,67,69,76,80,,Numeris固定測試fixture
TW,TW_BINGO,F0002,2024-01-02,main,6,8,9,13,17,25,28,30,31,43,46,47,53,61,63,64,66,74,76,77,,Numeris固定測試fixture
TW,TW_BINGO,F0003,2024-01-03,main,6,8,14,16,24,30,31,37,45,49,55,56,60,62,66,67,74,76,78,79,,Numeris固定測試fixture
TW,TW_BINGO,F0004,2024-01-04,main,2,6,8,9,18,23,27,33,37,39,41,42,46,47,60,61,64,70,71,74,,Numeris固定測試fixture
TW,TW_BINGO,F0005,2024-01-05,main,2,9,17,23,30,32,35,41,42,44,46,47,49,50,54,60,61,69,74,80,,Numeris固定測試fixture
TW,TW_BINGO,F0006,2024-01-06,main,1,5,9,11,15,17,22,24,28,30,32,36,43,45,54,65,68,74,75,79,,Numeris固定測試fixture
TW,TW_BINGO,F0007,2024-01-07,main,1,8,14,18,19,23,24,25,29,31,35,37,44,45,53,56,58,62,65,72,,Numeris固定測試fixture
TW,TW_BINGO,F0008,2024-01-08,main,1,15,21,24,29,36,41,43,51,55,58,61,62,66,67,68,70,75,76,79,,Numeris固定測試fixture
TW,TW_BINGO,F0009,2024-01-09,main,2,10,30,35,41,42,43,44,46,47,48,49,55,56,63,70,71,72,76,80,,Numeris固定測試fixture
TW,TW_BINGO,F0010,2024-01-10,main,1,8,9,11,13,14,30,39,45,50,52,53,57,63,67,72,73,75,76,80,,Numeris固定測試fixture
TW,TW_BINGO,F0011,2024-01-11,main,1,2,3,6,7,13,19,20,21,25,31,34,45,46,47,48,59,63,65,78,,Numeris固定測試fixture
TW,TW_BINGO,F0012,2024-01-12,main,3,10,17,19,20,25,26,27,28,34,37,38,41,42,47,53,58,63,72,75,,Numeris固定測試fixture
TW,TW_BINGO,F0013,2024-01-13,main,3,8,10,13,14,15,20,22,24,32,33,34,37,50,52,55,61,64,67,68,,Numeris固定測試fixture
TW,TW_BINGO,F0014,2024-01-14,main,2,6,11,13,14,16,18,27,28,29,40,43,56,60,65,66,71,73,75,78,,Numeris固定測試fixture
TW,TW_BINGO,F0015,2024-01-15,main,3,7,8,10,11,21,30,40,41,47,48,55,57,59,62,63,65,68,72,77,,Numeris固定測試fixture
TW,TW_BINGO,F0016,2024-01-16,main,6,9,14,17,21,22,24,28,35,39,41,44,53,55,58,61,65,70,73,78,,Numeris固定測試fixture
TW,TW_BINGO,F0017,2024-01-17,main,4,7,12,15,21,26,29,30,31,37,40,41,45,50,51,54,64,70,71,80,,Numeris固定測試fixture
TW,TW_BINGO,F0018,2024-01-18,main,6,9,12,20,26,28,34,35,38,47,56,59,60,62,64,66,68,70,77,80,,Numeris固定測試fixture
TW,TW_BINGO,F0019,2024-01-19,main,3,9,18,22,31,35,38,41,42,47,49,56,58,61,65,67,73,74,76,77,,Numeris固定測試fixture
TW,TW_BINGO,F0020,2024-01-20,main,7,8,9,13,16,17,28,36,38,42,47,49,54,57,59,67,68,73,78,80,,Numeris固定測試fixture
TW,TW_BINGO,F0021,2024-01-21,main,1,2,4,15,17,18,19,20,24,28,36,40,41,53,56,57,63,64,76,79,,Numeris固定測試fixture
TW,TW_BINGO,F0022,2024-01-22,main,4,5,7,11,12,13,14,19,20,21,29,35,39,44,45,48,52,62,69,72,,Numeris固定測試fixture
TW,TW_BINGO,F0023,2024-01-23,main,7,8,11,16,17,18,23,40,43,45,46,47,57,58,59,61,65,70,76,77,,Numeris固定測試fixture
TW,TW_BINGO,F0024,2024-01-24,main,1,5,6,15,30,31,33,36,41,46,53,54,55,58,63,65,66,70,74,75,,Numeris固定測試fixture
TW,TW_BINGO,F0025,2024-01-25,main,3,6,13,23,24,30,36,40,42,44,45,47,48,58,60,63,65,66,67,68,,Numeris固定測試fixture
TW,TW_BINGO,F0026,2024-01-26,main,7,12,16,20,28,32,37,40,41,45,52,54,56,64,65,68,69,72,73,74,,Numeris固定測試fixture
TW,TW_BINGO,F0027,2024-01-27,main,5,8,17,21,28,35,44,47,48,50,57,63,66,67,72,73,76,78,79,80,,Numeris固定測試fixture
TW,TW_BINGO,F0028,2024-01-28,main,1,10,11,13,15,18,19,20,26,29,34,37,41,48,51,65,69,71,73,74,,Numeris固定測試fixture
TW,TW_BINGO,F0029,2024-01-29,main,1,11,17,20,21,22,27,28,30,32,35,36,42,45,47,63,65,72,79,80,,Numeris固定測試fixture
TW,TW_BINGO,F0030,2024-01-30,main,5,11,17,20,27,29,31,33,35,38,39,43,52,53,57,59,64,65,76,79,,Numeris固定測試fixture
TW,TW_BINGO,F0031,2024-01-31,main,2,8,10,11,16,18,20,22,24,27,32,52,59,60,61,65,68,73,79,80,,Numeris固定測試fixture
TW,TW_BINGO,F0032,2024-02-01,main,4,6,12,15,16,18,20,24,29,32,35,39,51,61,62,63,65,67,72,79,,Numeris固定測試fixture
TW,TW_BINGO,F0033,2024-02-02,main,2,6,10,17,21,25,26,28,31,32,38,40,43,50,52,55,60,61,62,66,,Numeris固定測試fixture
TW,TW_BINGO,F0034,2024-02-03,main,6,7,10,13,14,20,28,29,40,44,48,57,61,66,67,68,75,76,79,80,,Numeris固定測試fixture
TW,TW_BINGO,F0035,2024-02-04,main,1,4,8,10,12,25,26,34,37,40,48,50,55,57,62,68,71,72,74,78,,Numeris固定測試fixture
TW,TW_BINGO,F0036,2024-02-05,main,1,7,14,18,20,25,27,30,32,42,46,48,50,53,54,56,62,66,69,77,,Numeris固定測試fixture
TW,TW_BINGO,F0037,2024-02-06,main,3,6,13,19,20,23,27,28,30,33,34,36,45,50,55,67,68,72,75,80,,Numeris固定測試fixture
TW,TW_BINGO,F0038,2024-02-07,main,2,14,19,20,21,23,25,27,34,39,40,41,59,62,65,69,71,73,76,80,,Numeris固定測試fixture
TW,TW_BINGO,F0039,2024-02-08,main,1,6,9,11,17,23,26,27,33,38,43,45,48,49,59,63,73,76,77,79,,Numeris固定測試fixture
TW,TW_BINGO,F0040,2024-02-09,main,1,5,9,11,12,23,28,29,31,34,38,39,40,46,49,55,58,61,71,74,,Numeris固定測試fixture
TW,TW_BINGO,F0041,2024-02-10,main,1,8,12,14,21,22,24,25,30,34,35,38,53,57,70,72,73,74,76,78,,Numeris固定測試fixture
TW,TW_BINGO,F0042,2024-02-11,main,2,6,14,19,20,27,34,40,42,44,48,58,59,63,64,65,68,70,72,75,,Numeris固定測試fixture
TW,TW_BINGO,F0043,2024-02-12,main,4,13,17,18,23,25,26,34,40,46,47,58,60,64,65,66,68,72,78,79,,Numeris固定測試fixture
TW,TW_BINGO,F0044,2024-02-13,main,3,9,13,21,23,31,35,39,40,42,53,54,59,66,67,68,69,70,71,75,,Numeris固定測試fixture
TW,TW_BINGO,F0045,2024-02-14,main,6,9,14,17,18,22,26,28,29,37,40,47,48,49,58,59,61,66,70,76,,Numeris固定測試fixture
TW,TW_BINGO,F0046,2024-02-15,main,4,7,9,13,17,19,29,30,32,33,34,36,41,42,43,57,61,67,69,73,,Numeris固定測試fixture
TW,TW_BINGO,F0047,2024-02-16,main,1,10,16,25,34,39,41,42,49,52,53,54,59,62,64,66,67,70,72,77,,Numeris固定測試fixture
TW,TW_BINGO,F0048,2024-02-17,main,3,9,14,18,19,22,24,26,29,31,38,40,43,59,63,65,69,70,71,78,,Numeris固定測試fixture
TW,TW_BINGO,F0049,2024-02-18,main,1,3,7,8,12,14,27,29,33,35,40,47,52,58,67,70,72,74,79,80,,Numeris固定測試fixture
TW,TW_BINGO,F0050,2024-02-19,main,3,4,8,10,14,17,29,42,44,46,49,51,55,58,60,64,67,73,76,80,,Numeris固定測試fixture
TW,TW_BINGO,F0051,2024-02-20,main,5,8,9,10,15,22,26,30,31,40,43,46,48,49,52,55,59,61,70,78,,Numeris固定測試fixture
TW,TW_BINGO,F0052,2024-02-21,main,8,10,12,17,27,28,30,34,36,41,42,49,56,57,59,62,63,72,76,77,,Numeris固定測試fixture
TW,TW_BINGO,F0053,2024-02-22,main,2,4,5,17,20,22,34,38,39,51,52,54,55,58,61,63,67,69,70,75,,Numeris固定測試fixture
TW,TW_BINGO,F0054,2024-02-23,main,2,7,11,13,17,23,31,34,42,43,44,47,51,55,68,69,71,77,78,79,,Numeris固定測試fixture
TW,TW_BINGO,F0055,2024-02-24,main,1,13,14,17,22,25,35,36,39,44,46,49,51,56,58,62,63,64,71,74,,Numeris固定測試fixture
TW,TW_BINGO,F0056,2024-02-25,main,2,3,14,17,20,21,31,32,36,39,41,46,53,55,56,58,61,75,77,79,,Numeris固定測試fixture
TW,TW_BINGO,F0057,2024-02-26,main,11,21,28,30,32,41,44,45,48,49,55,56,59,66,69,70,71,73,76,79,,Numeris固定測試fixture
TW,TW_BINGO,F0058,2024-02-27,main,13,15,16,18,20,21,24,32,35,41,43,44,60,63,64,66,67,71,73,74,,Numeris固定測試fixture
TW,TW_BINGO,F0059,2024-02-28,main,5,7,8,11,12,20,25,30,36,37,40,49,51,52,57,69,74,76,79,80,,Numeris固定測試fixture
TW,TW_BINGO,F0060,2024-02-29,main,2,3,10,13,17,21,22,25,26,32,35,37,48,54,58,61,73,74,75,79,,Numeris固定測試fixture
TW,TW_DAILY539,F0001,2024-01-01,main,14,22,29,35,38,,,,,,,,,,,,,,,,,Numeris固定測試fixture
TW,TW_DAILY539,F0002,2024-01-02,main,3,8,12,14,21,,,,,,,,,,,,,,,,,Numeris固定測試fixture
TW,TW_DAILY539,F0003,2024-01-03,main,7,15,18,32,36,,,,,,,,,,,,,,,,,Numeris固定測試fixture
TW,TW_DAILY539,F0004,2024-01-04,main,2,11,17,26,35,,,,,,,,,,,,,,,,,Numeris固定測試fixture
TW,TW_DAILY539,F0005,2024-01-05,main,6,15,24,27,38,,,,,,,,,,,,,,,,,Numeris固定測試fixture
TW,TW_DAILY539,F0006,2024-01-06,main,1,3,12,14,31,,,,,,,,,,,,,,,,,Numeris固定測試fixture
TW,TW_DAILY539,F0007,2024-01-07,main,6,9,19,30,31,,,,,,,,,,,,,,,,,Numeris固定測試fixture
TW,TW_DAILY539,F0008,2024-01-08,main,9,10,16,33,39,,,,,,,,,,,,,,,,,Numeris固定測試fixture
TW,TW_DAILY539,F0009,2024-01-09,main,11,20,29,35,37,,,,,,,,,,,,,,,,,Numeris固定測試fixture
TW,TW_DAILY539,F0010,2024-01-10,main,18,19,20,34,38,,,,,,,,,,,,,,,,,Numeris固定測試fixture
TW,TW_DAILY539,F0011,2024-01-11,main,3,6,15,23,31,,,,,,,,,,,,,,,,,Numeris固定測試fixture
TW,TW_DAILY539,F0012,2024-01-12,main,1,2,3,6,25,,,,,,,,,,,,,,,,,Numeris固定測試fixture
TW,TW_DAILY539,F0013,2024-01-13,main,3,11,23,33,37,,,,,,,,,,,,,,,,,Numeris固定測試fixture
TW,TW_DAILY539,F0014,2024-01-14,main,2,11,12,26,39,,,,,,,,,,,,,,,,,Numeris固定測試fixture
TW,TW_DAILY539,F0015,2024-01-15,main,1,6,7,28,32,,,,,,,,,,,,,,,,,Numeris固定測試fixture
TW,TW_DAILY539,F0016,2024-01-16,main,8,11,20,27,28,,,,,,,,,,,,,,,,,Numeris固定測試fixture
TW,TW_DAILY539,F0017,2024-01-17,main,4,12,17,23,34,,,,,,,,,,,,,,,,,Numeris固定測試fixture
TW,TW_DAILY539,F0018,2024-01-18,main,15,17,29,30,37,,,,,,,,,,,,,,,,,Numeris固定測試fixture
TW,TW_DAILY539,F0019,2024-01-19,main,1,25,29,30,31,,,,,,,,,,,,,,,,,Numeris固定測試fixture
TW,TW_DAILY539,F0020,2024-01-20,main,2,13,23,25,35,,,,,,,,,,,,,,,,,Numeris固定測試fixture
TW,TW_DAILY539,F0021,2024-01-21,main,15,16,19,21,28,,,,,,,,,,,,,,,,,Numeris固定測試fixture
TW,TW_DAILY539,F0022,2024-01-22,main,7,15,20,25,36,,,,,,,,,,,,,,,,,Numeris固定測試fixture
TW,TW_DAILY539,F0023,2024-01-23,main,3,12,21,26,38,,,,,,,,,,,,,,,,,Numeris固定測試fixture
TW,TW_DAILY539,F0024,2024-01-24,main,5,10,25,30,34,,,,,,,,,,,,,,,,,Numeris固定測試fixture
TW,TW_DAILY539,F0025,2024-01-25,main,12,19,23,32,33,,,,,,,,,,,,,,,,,Numeris固定測試fixture
TW,TW_DAILY539,F0026,2024-01-26,main,1,3,13,18,31,,,,,,,,,,,,,,,,,Numeris固定測試fixture
TW,TW_DAILY539,F0027,2024-01-27,main,7,8,16,18,20,,,,,,,,,,,,,,,,,Numeris固定測試fixture
TW,TW_DAILY539,F0028,2024-01-28,main,1,12,14,24,32,,,,,,,,,,,,,,,,,Numeris固定測試fixture
TW,TW_DAILY539,F0029,2024-01-29,main,11,20,23,25,29,,,,,,,,,,,,,,,,,Numeris固定測試fixture
TW,TW_DAILY539,F0030,2024-01-30,main,1,22,28,32,34,,,,,,,,,,,,,,,,,Numeris固定測試fixture
TW,TW_DAILY539,F0031,2024-01-31,main,2,10,12,13,24,,,,,,,,,,,,,,,,,Numeris固定測試fixture
TW,TW_DAILY539,F0032,2024-02-01,main,7,12,17,22,34,,,,,,,,,,,,,,,,,Numeris固定測試fixture
TW,TW_DAILY539,F0033,2024-02-02,main,10,11,13,22,25,,,,,,,,,,,,,,,,,Numeris固定測試fixture
TW,TW_DAILY539,F0034,2024-02-03,main,4,8,28,36,39,,,,,,,,,,,,,,,,,Numeris固定測試fixture
TW,TW_DAILY539,F0035,2024-02-04,main,6,13,20,33,39,,,,,,,,,,,,,,,,,Numeris固定測試fixture
TW,TW_DAILY539,F0036,2024-02-05,main,4,21,22,32,37,,,,,,,,,,,,,,,,,Numeris固定測試fixture
TW,TW_DAILY539,F0037,2024-02-06,main,4,9,11,15,39,,,,,,,,,,,,,,,,,Numeris固定測試fixture
TW,TW_DAILY539,F0038,2024-02-07,main,7,14,24,31,35,,,,,,,,,,,,,,,,,Numeris固定測試fixture
TW,TW_DAILY539,F0039,2024-02-08,main,9,22,23,37,38,,,,,,,,,,,,,,,,,Numeris固定測試fixture
TW,TW_DAILY539,F0040,2024-02-09,main,9,15,20,24,35,,,,,,,,,,,,,,,,,Numeris固定測試fixture
TW,TW_DAILY539,F0041,2024-02-10,main,8,23,24,30,31,,,,,,,,,,,,,,,,,Numeris固定測試fixture
TW,TW_DAILY539,F0042,2024-02-11,main,4,6,7,23,26,,,,,,,,,,,,,,,,,Numeris固定測試fixture
TW,TW_DAILY539,F0043,2024-02-12,main,3,19,28,36,37,,,,,,,,,,,,,,,,,Numeris固定測試fixture
TW,TW_DAILY539,F0044,2024-02-13,main,4,21,22,24,32,,,,,,,,,,,,,,,,,Numeris固定測試fixture
TW,TW_DAILY539,F0045,2024-02-14,main,10,20,24,25,30,,,,,,,,,,,,,,,,,Numeris固定測試fixture
TW,TW_DAILY539,F0046,2024-02-15,main,8,12,34,37,39,,,,,,,,,,,,,,,,,Numeris固定測試fixture
TW,TW_DAILY539,F0047,2024-02-16,main,3,19,26,29,39,,,,,,,,,,,,,,,,,Numeris固定測試fixture
TW,TW_DAILY539,F0048,2024-02-17,main,4,25,30,33,39,,,,,,,,,,,,,,,,,Numeris固定測試fixture
TW,TW_DAILY539,F0049,2024-02-18,main,1,4,9,12,26,,,,,,,,,,,,,,,,,Numeris固定測試fixture
TW,TW_DAILY539,F0050,2024-02-19,main,1,11,18,28,34,,,,,,,,,,,,,,,,,Numeris固定測試fixture
TW,TW_DAILY539,F0051,2024-02-20,main,1,7,11,26,34,,,,,,,,,,,,,,,,,Numeris固定測試fixture
TW,TW_DAILY539,F0052,2024-02-21,main,3,13,14,29,34,,,,,,,,,,,,,,,,,Numeris固定測試fixture
TW,TW_DAILY539,F0053,2024-02-22,main,8,22,23,31,36,,,,,,,,,,,,,,,,,Numeris固定測試fixture
TW,TW_DAILY539,F0054,2024-02-23,main,3,26,34,36,37,,,,,,,,,,,,,,,,,Numeris固定測試fixture
TW,TW_DAILY539,F0055,2024-02-24,main,10,22,25,26,27,,,,,,,,,,,,,,,,,Numeris固定測試fixture
TW,TW_DAILY539,F0056,2024-02-25,main,12,22,25,26,27,,,,,,,,,,,,,,,,,Numeris固定測試fixture
TW,TW_DAILY539,F0057,2024-02-26,main,16,19,25,35,38,,,,,,,,,,,,,,,,,Numeris固定測試fixture
TW,TW_DAILY539,F0058,2024-02-27,main,11,18,24,29,38,,,,,,,,,,,,,,,,,Numeris固定測試fixture
TW,TW_DAILY539,F0059,2024-02-28,main,10,22,23,31,38,,,,,,,,,,,,,,,,,Numeris固定測試fixture
TW,TW_DAILY539,F0060,2024-02-29,main,11,19,21,26,30,,,,,,,,,,,,,,,,,Numeris固定測試fixture
TW,TW_LOTTO649,F0001,2024-01-01,main,9,13,14,25,27,48,,,,,,,,,,,,,,,37,Numeris固定測試fixture
TW,TW_LOTTO649,F0002,2024-01-02,main,10,16,24,29,30,48,,,,,,,,,,,,,,,7,Numeris固定測試fixture
TW,TW_LOTTO649,F0003,2024-01-03,main,10,20,24,32,41,46,,,,,,,,,,,,,,,26,Numeris固定測試fixture
TW,TW_LOTTO649,F0004,2024-01-04,main,6,17,20,28,38,48,,,,,,,,,,,,,,,42,Numeris固定測試fixture
TW,TW_LOTTO649,F0005,2024-01-05,main,4,12,18,22,25,34,,,,,,,,,,,,,,,8,Numeris固定測試fixture
TW,TW_LOTTO649,F0006,2024-01-06,main,16,17,19,25,32,37,,,,,,,,,,,,,,,7,Numeris固定測試fixture
TW,TW_LOTTO649,F0007,2024-01-07,main,1,3,9,27,35,40,,,,,,,,,,,,,,,17,Numeris固定測試fixture
TW,TW_LOTTO649,F0008,2024-01-08,main,8,10,15,28,37,39,,,,,,,,,,,,,,,3,Numeris固定測試fixture
TW,TW_LOTTO649,F0009,2024-01-09,main,2,34,36,45,46,47,,,,,,,,,,,,,,,30,Numeris固定測試fixture
TW,TW_LOTTO649,F0010,2024-01-10,main,3,8,14,31,44,49,,,,,,,,,,,,,,,19,Numeris固定測試fixture
TW,TW_LOTTO649,F0011,2024-01-11,main,18,19,20,25,32,34,,,,,,,,,,,,,,,15,Numeris固定測試fixture
TW,TW_LOTTO649,F0012,2024-01-12,main,8,19,27,36,39,41,,,,,,,,,,,,,,,16,Numeris固定測試fixture
TW,TW_LOTTO649,F0013,2024-01-13,main,2,18,29,31,37,48,,,,,,,,,,,,,,,15,Numeris固定測試fixture
TW,TW_LOTTO649,F0014,2024-01-14,main,12,21,29,36,38,49,,,,,,,,,,,,,,,44,Numeris固定測試fixture
TW,TW_LOTTO649,F0015,2024-01-15,main,8,28,33,34,36,45,,,,,,,,,,,,,,,24,Numeris固定測試fixture
TW,TW_LOTTO649,F0016,2024-01-16,main,29,31,35,41,43,46,,,,,,,,,,,,,,,6,Numeris固定測試fixture
TW,TW_LOTTO649,F0017,2024-01-17,main,3,5,12,14,17,23,,,,,,,,,,,,,,,20,Numeris固定測試fixture
TW,TW_LOTTO649,F0018,2024-01-18,main,9,25,32,34,37,42,,,,,,,,,,,,,,,28,Numeris固定測試fixture
TW,TW_LOTTO649,F0019,2024-01-19,main,4,16,27,32,35,42,,,,,,,,,,,,,,,44,Numeris固定測試fixture
TW,TW_LOTTO649,F0020,2024-01-20,main,4,9,13,16,20,27,,,,,,,,,,,,,,,7,Numeris固定測試fixture
TW,TW_LOTTO649,F0021,2024-01-21,main,13,18,28,32,39,42,,,,,,,,,,,,,,,12,Numeris固定測試fixture
TW,TW_LOTTO649,F0022,2024-01-22,main,3,9,14,17,23,49,,,,,,,,,,,,,,,26,Numeris固定測試fixture
TW,TW_LOTTO649,F0023,2024-01-23,main,9,12,36,39,41,47,,,,,,,,,,,,,,,22,Numeris固定測試fixture
TW,TW_LOTTO649,F0024,2024-01-24,main,5,12,15,37,40,49,,,,,,,,,,,,,,,11,Numeris固定測試fixture
TW,TW_LOTTO649,F0025,2024-01-25,main,1,18,19,34,46,49,,,,,,,,,,,,,,,22,Numeris固定測試fixture
TW,TW_LOTTO649,F0026,2024-01-26,main,29,32,33,34,43,46,,,,,,,,,,,,,,,27,Numeris固定測試fixture
TW,TW_LOTTO649,F0027,2024-01-27,main,18,20,22,41,46,49,,,,,,,,,,,,,,,13,Numeris固定測試fixture
TW,TW_LOTTO649,F0028,2024-01-28,main,5,24,26,27,41,44,,,,,,,,,,,,,,,9,Numeris固定測試fixture
TW,TW_LOTTO649,F0029,2024-01-29,main,4,18,24,29,31,32,,,,,,,,,,,,,,,21,Numeris固定測試fixture
TW,TW_LOTTO649,F0030,2024-01-30,main,3,7,20,42,45,46,,,,,,,,,,,,,,,19,Numeris固定測試fixture
TW,TW_LOTTO649,F0031,2024-01-31,main,12,16,32,36,40,44,,,,,,,,,,,,,,,17,Numeris固定測試fixture
TW,TW_LOTTO649,F0032,2024-02-01,main,6,8,13,19,26,27,,,,,,,,,,,,,,,25,Numeris固定測試fixture
TW,TW_LOTTO649,F0033,2024-02-02,main,5,20,22,25,26,40,,,,,,,,,,,,,,,34,Numeris固定測試fixture
TW,TW_LOTTO649,F0034,2024-02-03,main,6,16,25,27,31,34,,,,,,,,,,,,,,,41,Numeris固定測試fixture
TW,TW_LOTTO649,F0035,2024-02-04,main,2,9,16,20,38,42,,,,,,,,,,,,,,,33,Numeris固定測試fixture
TW,TW_LOTTO649,F0036,2024-02-05,main,18,26,28,34,39,46,,,,,,,,,,,,,,,6,Numeris固定測試fixture
TW,TW_LOTTO649,F0037,2024-02-06,main,9,22,25,31,34,46,,,,,,,,,,,,,,,45,Numeris固定測試fixture
TW,TW_LOTTO649,F0038,2024-02-07,main,12,15,16,21,23,36,,,,,,,,,,,,,,,1,Numeris固定測試fixture
TW,TW_LOTTO649,F0039,2024-02-08,main,1,19,20,22,28,39,,,,,,,,,,,,,,,12,Numeris固定測試fixture
TW,TW_LOTTO649,F0040,2024-02-09,main,1,4,9,13,27,28,,,,,,,,,,,,,,,14,Numeris固定測試fixture
TW,TW_LOTTO649,F0041,2024-02-10,main,1,3,4,30,35,46,,,,,,,,,,,,,,,47,Numeris固定測試fixture
TW,TW_LOTTO649,F0042,2024-02-11,main,10,20,24,28,45,48,,,,,,,,,,,,,,,16,Numeris固定測試fixture
TW,TW_LOTTO649,F0043,2024-02-12,main,2,16,25,31,32,34,,,,,,,,,,,,,,,23,Numeris固定測試fixture
TW,TW_LOTTO649,F0044,2024-02-13,main,3,8,16,43,46,49,,,,,,,,,,,,,,,35,Numeris固定測試fixture
TW,TW_LOTTO649,F0045,2024-02-14,main,3,5,7,24,26,32,,,,,,,,,,,,,,,46,Numeris固定測試fixture
TW,TW_LOTTO649,F0046,2024-02-15,main,9,30,35,41,45,46,,,,,,,,,,,,,,,15,Numeris固定測試fixture
TW,TW_LOTTO649,F0047,2024-02-16,main,25,29,36,38,45,46,,,,,,,,,,,,,,,35,Numeris固定測試fixture
TW,TW_LOTTO649,F0048,2024-02-17,main,6,11,15,26,32,47,,,,,,,,,,,,,,,12,Numeris固定測試fixture
TW,TW_LOTTO649,F0049,2024-02-18,main,5,13,19,27,34,36,,,,,,,,,,,,,,,42,Numeris固定測試fixture
TW,TW_LOTTO649,F0050,2024-02-19,main,5,13,20,27,37,40,,,,,,,,,,,,,,,33,Numeris固定測試fixture
TW,TW_LOTTO649,F0051,2024-02-20,main,2,4,12,13,32,43,,,,,,,,,,,,,,,8,Numeris固定測試fixture
TW,TW_LOTTO649,F0052,2024-02-21,main,1,3,7,10,18,41,,,,,,,,,,,,,,,36,Numeris固定測試fixture
TW,TW_LOTTO649,F0053,2024-02-22,main,5,9,15,28,32,47,,,,,,,,,,,,,,,24,Numeris固定測試fixture
TW,TW_LOTTO649,F0054,2024-02-23,main,10,20,21,40,45,47,,,,,,,,,,,,,,,6,Numeris固定測試fixture
TW,TW_LOTTO649,F0055,2024-02-24,main,4,14,20,38,41,46,,,,,,,,,,,,,,,30,Numeris固定測試fixture
TW,TW_LOTTO649,F0056,2024-02-25,main,6,19,22,26,36,46,,,,,,,,,,,,,,,42,Numeris固定測試fixture
TW,TW_LOTTO649,F0057,2024-02-26,main,14,20,30,32,37,41,,,,,,,,,,,,,,,12,Numeris固定測試fixture
TW,TW_LOTTO649,F0058,2024-02-27,main,1,4,13,34,37,45,,,,,,,,,,,,,,,21,Numeris固定測試fixture
TW,TW_LOTTO649,F0059,2024-02-28,main,13,22,23,27,28,29,,,,,,,,,,,,,,,38,Numeris固定測試fixture
TW,TW_LOTTO649,F0060,2024-02-29,main,1,4,9,34,45,47,,,,,,,,,,,,,,,12,Numeris固定測試fixture
TW,TW_PICK3,F0001,2024-01-01,digits,7,0,1,,,,,,,,,,,,,,,,,,,Numeris固定測試fixture
TW,TW_PICK3,F0002,2024-01-02,digits,1,1,1,,,,,,,,,,,,,,,,,,,Numeris固定測試fixture
TW,TW_PICK3,F0003,2024-01-03,digits,7,3,3,,,,,,,,,,,,,,,,,,,Numeris固定測試fixture
TW,TW_PICK3,F0004,2024-01-04,digits,6,9,8,,,,,,,,,,,,,,,,,,,Numeris固定測試fixture
TW,TW_PICK3,F0005,2024-01-05,digits,4,1,8,,,,,,,,,,,,,,,,,,,Numeris固定測試fixture
TW,TW_PICK3,F0006,2024-01-06,digits,5,3,2,,,,,,,,,,,,,,,,,,,Numeris固定測試fixture
TW,TW_PICK3,F0007,2024-01-07,digits,4,8,4,,,,,,,,,,,,,,,,,,,Numeris固定測試fixture
TW,TW_PICK3,F0008,2024-01-08,digits,6,7,2,,,,,,,,,,,,,,,,,,,Numeris固定測試fixture
TW,TW_PICK3,F0009,2024-01-09,digits,4,0,4,,,,,,,,,,,,,,,,,,,Numeris固定測試fixture
TW,TW_PICK3,F0010,2024-01-10,digits,4,0,3,,,,,,,,,,,,,,,,,,,Numeris固定測試fixture
TW,TW_PICK3,F0011,2024-01-11,digits,3,9,6,,,,,,,,,,,,,,,,,,,Numeris固定測試fixture
TW,TW_PICK3,F0012,2024-01-12,digits,7,6,7,,,,,,,,,,,,,,,,,,,Numeris固定測試fixture
TW,TW_PICK3,F0013,2024-01-13,digits,0,9,4,,,,,,,,,,,,,,,,,,,Numeris固定測試fixture
TW,TW_PICK3,F0014,2024-01-14,digits,7,6,7,,,,,,,,,,,,,,,,,,,Numeris固定測試fixture
TW,TW_PICK3,F0015,2024-01-15,digits,9,5,9,,,,,,,,,,,,,,,,,,,Numeris固定測試fixture
TW,TW_PICK3,F0016,2024-01-16,digits,3,5,0,,,,,,,,,,,,,,,,,,,Numeris固定測試fixture
TW,TW_PICK3,F0017,2024-01-17,digits,9,0,8,,,,,,,,,,,,,,,,,,,Numeris固定測試fixture
TW,TW_PICK3,F0018,2024-01-18,digits,7,5,6,,,,,,,,,,,,,,,,,,,Numeris固定測試fixture
TW,TW_PICK3,F0019,2024-01-19,digits,7,4,3,,,,,,,,,,,,,,,,,,,Numeris固定測試fixture
TW,TW_PICK3,F0020,2024-01-20,digits,2,9,8,,,,,,,,,,,,,,,,,,,Numeris固定測試fixture
TW,TW_PICK3,F0021,2024-01-21,digits,1,1,5,,,,,,,,,,,,,,,,,,,Numeris固定測試fixture
TW,TW_PICK3,F0022,2024-01-22,digits,9,0,8,,,,,,,,,,,,,,,,,,,Numeris固定測試fixture
TW,TW_PICK3,F0023,2024-01-23,digits,8,6,4,,,,,,,,,,,,,,,,,,,Numeris固定測試fixture
TW,TW_PICK3,F0024,2024-01-24,digits,3,5,4,,,,,,,,,,,,,,,,,,,Numeris固定測試fixture
TW,TW_PICK3,F0025,2024-01-25,digits,8,0,4,,,,,,,,,,,,,,,,,,,Numeris固定測試fixture
TW,TW_PICK3,F0026,2024-01-26,digits,8,5,7,,,,,,,,,,,,,,,,,,,Numeris固定測試fixture
TW,TW_PICK3,F0027,2024-01-27,digits,2,0,1,,,,,,,,,,,,,,,,,,,Numeris固定測試fixture
TW,TW_PICK3,F0028,2024-01-28,digits,5,0,3,,,,,,,,,,,,,,,,,,,Numeris固定測試fixture
TW,TW_PICK3,F0029,2024-01-29,digits,6,5,7,,,,,,,,,,,,,,,,,,,Numeris固定測試fixture
TW,TW_PICK3,F0030,2024-01-30,digits,5,2,4,,,,,,,,,,,,,,,,,,,Numeris固定測試fixture
TW,TW_PICK3,F0031,2024-01-31,digits,0,7,4,,,,,,,,,,,,,,,,,,,Numeris固定測試fixture
TW,TW_PICK3,F0032,2024-02-01,digits,5,0,5,,,,,,,,,,,,,,,,,,,Numeris固定測試fixture
TW,TW_PICK3,F0033,2024-02-02,digits,8,6,0,,,,,,,,,,,,,,,,,,,Numeris固定測試fixture
TW,TW_PICK3,F0034,2024-02-03,digits,7,2,3,,,,,,,,,,,,,,,,,,,Numeris固定測試fixture
TW,TW_PICK3,F0035,2024-02-04,digits,4,3,7,,,,,,,,,,,,,,,,,,,Numeris固定測試fixture
TW,TW_PICK3,F0036,2024-02-05,digits,5,2,8,,,,,,,,,,,,,,,,,,,Numeris固定測試fixture
TW,TW_PICK3,F0037,2024-02-06,digits,2,8,7,,,,,,,,,,,,,,,,,,,Numeris固定測試fixture
TW,TW_PICK3,F0038,2024-02-07,digits,9,5,3,,,,,,,,,,,,,,,,,,,Numeris固定測試fixture
TW,TW_PICK3,F0039,2024-02-08,digits,2,9,7,,,,,,,,,,,,,,,,,,,Numeris固定測試fixture
TW,TW_PICK3,F0040,2024-02-09,digits,5,7,0,,,,,,,,,,,,,,,,,,,Numeris固定測試fixture
TW,TW_PICK3,F0041,2024-02-10,digits,9,2,2,,,,,,,,,,,,,,,,,,,Numeris固定測試fixture
TW,TW_PICK3,F0042,2024-02-11,digits,4,5,5,,,,,,,,,,,,,,,,,,,Numeris固定測試fixture
TW,TW_PICK3,F0043,2024-02-12,digits,9,7,9,,,,,,,,,,,,,,,,,,,Numeris固定測試fixture
TW,TW_PICK3,F0044,2024-02-13,digits,9,9,6,,,,,,,,,,,,,,,,,,,Numeris固定測試fixture
TW,TW_PICK3,F0045,2024-02-14,digits,7,0,2,,,,,,,,,,,,,,,,,,,Numeris固定測試fixture
TW,TW_PICK3,F0046,2024-02-15,digits,4,2,3,,,,,,,,,,,,,,,,,,,Numeris固定測試fixture
TW,TW_PICK3,F0047,2024-02-16,digits,5,5,0,,,,,,,,,,,,,,,,,,,Numeris固定測試fixture
TW,TW_PICK3,F0048,2024-02-17,digits,5,8,3,,,,,,,,,,,,,,,,,,,Numeris固定測試fixture
TW,TW_PICK3,F0049,2024-02-18,digits,4,0,5,,,,,,,,,,,,,,,,,,,Numeris固定測試fixture
TW,TW_PICK3,F0050,2024-02-19,digits,7,0,5,,,,,,,,,,,,,,,,,,,Numeris固定測試fixture
TW,TW_PICK3,F0051,2024-02-20,digits,5,9,5,,,,,,,,,,,,,,,,,,,Numeris固定測試fixture
TW,TW_PICK3,F0052,2024-02-21,digits,9,1,8,,,,,,,,,,,,,,,,,,,Numeris固定測試fixture
TW,TW_PICK3,F0053,2024-02-22,digits,2,2,3,,,,,,,,,,,,,,,,,,,Numeris固定測試fixture
TW,TW_PICK3,F0054,2024-02-23,digits,2,0,2,,,,,,,,,,,,,,,,,,,Numeris固定測試fixture
TW,TW_PICK3,F0055,2024-02-24,digits,7,5,3,,,,,,,,,,,,,,,,,,,Numeris固定測試fixture
TW,TW_PICK3,F0056,2024-02-25,digits,9,6,4,,,,,,,,,,,,,,,,,,,Numeris固定測試fixture
TW,TW_PICK3,F0057,2024-02-26,digits,5,1,0,,,,,,,,,,,,,,,,,,,Numeris固定測試fixture
TW,TW_PICK3,F0058,2024-02-27,digits,5,3,5,,,,,,,,,,,,,,,,,,,Numeris固定測試fixture
TW,TW_PICK3,F0059,2024-02-28,digits,2,2,2,,,,,,,,,,,,,,,,,,,Numeris固定測試fixture
TW,TW_PICK3,F0060,2024-02-29,digits,3,8,0,,,,,,,,,,,,,,,,,,,Numeris固定測試fixture
TW,TW_PICK4,F0001,2024-01-01,digits,4,0,9,9,,,,,,,,,,,,,,,,,,Numeris固定測試fixture
TW,TW_PICK4,F0002,2024-01-02,digits,5,2,4,6,,,,,,,,,,,,,,,,,,Numeris固定測試fixture
TW,TW_PICK4,F0003,2024-01-03,digits,8,8,1,9,,,,,,,,,,,,,,,,,,Numeris固定測試fixture
TW,TW_PICK4,F0004,2024-01-04,digits,3,1,7,4,,,,,,,,,,,,,,,,,,Numeris固定測試fixture
TW,TW_PICK4,F0005,2024-01-05,digits,7,7,6,3,,,,,,,,,,,,,,,,,,Numeris固定測試fixture
TW,TW_PICK4,F0006,2024-01-06,digits,3,9,1,1,,,,,,,,,,,,,,,,,,Numeris固定測試fixture
TW,TW_PICK4,F0007,2024-01-07,digits,5,6,9,4,,,,,,,,,,,,,,,,,,Numeris固定測試fixture
TW,TW_PICK4,F0008,2024-01-08,digits,9,4,7,9,,,,,,,,,,,,,,,,,,Numeris固定測試fixture
TW,TW_PICK4,F0009,2024-01-09,digits,1,7,5,1,,,,,,,,,,,,,,,,,,Numeris固定測試fixture
TW,TW_PICK4,F0010,2024-01-10,digits,8,7,6,8,,,,,,,,,,,,,,,,,,Numeris固定測試fixture
TW,TW_PICK4,F0011,2024-01-11,digits,0,5,4,0,,,,,,,,,,,,,,,,,,Numeris固定測試fixture
TW,TW_PICK4,F0012,2024-01-12,digits,4,8,8,7,,,,,,,,,,,,,,,,,,Numeris固定測試fixture
TW,TW_PICK4,F0013,2024-01-13,digits,1,0,3,8,,,,,,,,,,,,,,,,,,Numeris固定測試fixture
TW,TW_PICK4,F0014,2024-01-14,digits,5,6,6,4,,,,,,,,,,,,,,,,,,Numeris固定測試fixture
TW,TW_PICK4,F0015,2024-01-15,digits,4,8,5,2,,,,,,,,,,,,,,,,,,Numeris固定測試fixture
TW,TW_PICK4,F0016,2024-01-16,digits,8,9,5,4,,,,,,,,,,,,,,,,,,Numeris固定測試fixture
TW,TW_PICK4,F0017,2024-01-17,digits,1,5,8,3,,,,,,,,,,,,,,,,,,Numeris固定測試fixture
TW,TW_PICK4,F0018,2024-01-18,digits,3,5,8,7,,,,,,,,,,,,,,,,,,Numeris固定測試fixture
TW,TW_PICK4,F0019,2024-01-19,digits,3,0,3,4,,,,,,,,,,,,,,,,,,Numeris固定測試fixture
TW,TW_PICK4,F0020,2024-01-20,digits,2,7,9,8,,,,,,,,,,,,,,,,,,Numeris固定測試fixture
TW,TW_PICK4,F0021,2024-01-21,digits,3,1,0,1,,,,,,,,,,,,,,,,,,Numeris固定測試fixture
TW,TW_PICK4,F0022,2024-01-22,digits,1,3,6,3,,,,,,,,,,,,,,,,,,Numeris固定測試fixture
TW,TW_PICK4,F0023,2024-01-23,digits,7,8,3,3,,,,,,,,,,,,,,,,,,Numeris固定測試fixture
TW,TW_PICK4,F0024,2024-01-24,digits,2,2,7,2,,,,,,,,,,,,,,,,,,Numeris固定測試fixture
TW,TW_PICK4,F0025,2024-01-25,digits,9,1,3,6,,,,,,,,,,,,,,,,,,Numeris固定測試fixture
TW,TW_PICK4,F0026,2024-01-26,digits,3,4,0,1,,,,,,,,,,,,,,,,,,Numeris固定測試fixture
TW,TW_PICK4,F0027,2024-01-27,digits,9,4,4,0,,,,,,,,,,,,,,,,,,Numeris固定測試fixture
TW,TW_PICK4,F0028,2024-01-28,digits,7,0,8,4,,,,,,,,,,,,,,,,,,Numeris固定測試fixture
TW,TW_PICK4,F0029,2024-01-29,digits,9,4,8,6,,,,,,,,,,,,,,,,,,Numeris固定測試fixture
TW,TW_PICK4,F0030,2024-01-30,digits,1,2,1,9,,,,,,,,,,,,,,,,,,Numeris固定測試fixture
TW,TW_PICK4,F0031,2024-01-31,digits,4,9,6,9,,,,,,,,,,,,,,,,,,Numeris固定測試fixture
TW,TW_PICK4,F0032,2024-02-01,digits,4,2,8,1,,,,,,,,,,,,,,,,,,Numeris固定測試fixture
TW,TW_PICK4,F0033,2024-02-02,digits,9,5,1,5,,,,,,,,,,,,,,,,,,Numeris固定測試fixture
TW,TW_PICK4,F0034,2024-02-03,digits,8,9,8,6,,,,,,,,,,,,,,,,,,Numeris固定測試fixture
TW,TW_PICK4,F0035,2024-02-04,digits,0,2,7,5,,,,,,,,,,,,,,,,,,Numeris固定測試fixture
TW,TW_PICK4,F0036,2024-02-05,digits,2,4,1,5,,,,,,,,,,,,,,,,,,Numeris固定測試fixture
TW,TW_PICK4,F0037,2024-02-06,digits,9,6,1,1,,,,,,,,,,,,,,,,,,Numeris固定測試fixture
TW,TW_PICK4,F0038,2024-02-07,digits,4,3,0,6,,,,,,,,,,,,,,,,,,Numeris固定測試fixture
TW,TW_PICK4,F0039,2024-02-08,digits,2,0,6,0,,,,,,,,,,,,,,,,,,Numeris固定測試fixture
TW,TW_PICK4,F0040,2024-02-09,digits,9,0,6,9,,,,,,,,,,,,,,,,,,Numeris固定測試fixture
TW,TW_PICK4,F0041,2024-02-10,digits,9,8,9,1,,,,,,,,,,,,,,,,,,Numeris固定測試fixture
TW,TW_PICK4,F0042,2024-02-11,digits,2,6,5,4,,,,,,,,,,,,,,,,,,Numeris固定測試fixture
TW,TW_PICK4,F0043,2024-02-12,digits,2,1,6,1,,,,,,,,,,,,,,,,,,Numeris固定測試fixture
TW,TW_PICK4,F0044,2024-02-13,digits,3,4,1,8,,,,,,,,,,,,,,,,,,Numeris固定測試fixture
TW,TW_PICK4,F0045,2024-02-14,digits,2,6,7,0,,,,,,,,,,,,,,,,,,Numeris固定測試fixture
TW,TW_PICK4,F0046,2024-02-15,digits,1,5,9,8,,,,,,,,,,,,,,,,,,Numeris固定測試fixture
TW,TW_PICK4,F0047,2024-02-16,digits,5,7,1,4,,,,,,,,,,,,,,,,,,Numeris固定測試fixture
TW,TW_PICK4,F0048,2024-02-17,digits,8,2,3,3,,,,,,,,,,,,,,,,,,Numeris固定測試fixture
TW,TW_PICK4,F0049,2024-02-18,digits,6,1,3,1,,,,,,,,,,,,,,,,,,Numeris固定測試fixture
TW,TW_PICK4,F0050,2024-02-19,digits,2,6,5,8,,,,,,,,,,,,,,,,,,Numeris固定測試fixture
TW,TW_PICK4,F0051,2024-02-20,digits,3,3,2,9,,,,,,,,,,,,,,,,,,Numeris固定測試fixture
TW,TW_PICK4,F0052,2024-02-21,digits,7,0,9,0,,,,,,,,,,,,,,,,,,Numeris固定測試fixture
TW,TW_PICK4,F0053,2024-02-22,digits,9,2,9,6,,,,,,,,,,,,,,,,,,Numeris固定測試fixture
TW,TW_PICK4,F0054,2024-02-23,digits,2,1,6,9,,,,,,,,,,,,,,,,,,Numeris固定測試fixture
TW,TW_PICK4,F0055,2024-02-24,digits,0,0,9,8,,,,,,,,,,,,,,,,,,Numeris固定測試fixture
TW,TW_PICK4,F0056,2024-02-25,digits,0,4,9,4,,,,,,,,,,,,,,,,,,Numeris固定測試fixture
TW,TW_PICK4,F0057,2024-02-26,digits,5,1,8,3,,,,,,,,,,,,,,,,,,Numeris固定測試fixture
TW,TW_PICK4,F0058,2024-02-27,digits,0,7,9,8,,,,,,,,,,,,,,,,,,Numeris固定測試fixture
TW,TW_PICK4,F0059,2024-02-28,digits,9,0,5,1,,,,,,,,,,,,,,,,,,Numeris固定測試fixture
TW,TW_PICK4,F0060,2024-02-29,digits,4,9,3,6,,,,,,,,,,,,,,,,,,Numeris固定測試fixture
TW,TW_SUPER_LOTTO638,F0001,2024-01-01,first,7,12,18,22,26,38,,,,,,,,,,,,,,,,Numeris固定測試fixture
TW,TW_SUPER_LOTTO638,F0002,2024-01-02,first,2,13,14,16,26,32,,,,,,,,,,,,,,,,Numeris固定測試fixture
TW,TW_SUPER_LOTTO638,F0003,2024-01-03,first,3,10,17,27,31,34,,,,,,,,,,,,,,,,Numeris固定測試fixture
TW,TW_SUPER_LOTTO638,F0004,2024-01-04,first,6,11,19,31,33,35,,,,,,,,,,,,,,,,Numeris固定測試fixture
TW,TW_SUPER_LOTTO638,F0005,2024-01-05,first,2,4,10,18,21,26,,,,,,,,,,,,,,,,Numeris固定測試fixture
TW,TW_SUPER_LOTTO638,F0006,2024-01-06,first,7,21,24,25,27,32,,,,,,,,,,,,,,,,Numeris固定測試fixture
TW,TW_SUPER_LOTTO638,F0007,2024-01-07,first,8,10,11,29,34,37,,,,,,,,,,,,,,,,Numeris固定測試fixture
TW,TW_SUPER_LOTTO638,F0008,2024-01-08,first,6,11,16,20,26,32,,,,,,,,,,,,,,,,Numeris固定測試fixture
TW,TW_SUPER_LOTTO638,F0009,2024-01-09,first,17,25,26,27,28,38,,,,,,,,,,,,,,,,Numeris固定測試fixture
TW,TW_SUPER_LOTTO638,F0010,2024-01-10,first,21,23,26,28,31,33,,,,,,,,,,,,,,,,Numeris固定測試fixture
TW,TW_SUPER_LOTTO638,F0011,2024-01-11,first,10,13,17,33,34,35,,,,,,,,,,,,,,,,Numeris固定測試fixture
TW,TW_SUPER_LOTTO638,F0012,2024-01-12,first,1,2,8,18,19,38,,,,,,,,,,,,,,,,Numeris固定測試fixture
TW,TW_SUPER_LOTTO638,F0013,2024-01-13,first,2,4,7,18,25,26,,,,,,,,,,,,,,,,Numeris固定測試fixture
TW,TW_SUPER_LOTTO638,F0014,2024-01-14,first,1,2,19,31,36,38,,,,,,,,,,,,,,,,Numeris固定測試fixture
TW,TW_SUPER_LOTTO638,F0015,2024-01-15,first,2,3,6,11,14,15,,,,,,,,,,,,,,,,Numeris固定測試fixture
TW,TW_SUPER_LOTTO638,F0016,2024-01-16,first,11,12,16,20,24,38,,,,,,,,,,,,,,,,Numeris固定測試fixture
TW,TW_SUPER_LOTTO638,F0017,2024-01-17,first,3,10,14,15,16,38,,,,,,,,,,,,,,,,Numeris固定測試fixture
TW,TW_SUPER_LOTTO638,F0018,2024-01-18,first,4,5,11,14,21,28,,,,,,,,,,,,,,,,Numeris固定測試fixture
TW,TW_SUPER_LOTTO638,F0019,2024-01-19,first,4,12,13,17,32,35,,,,,,,,,,,,,,,,Numeris固定測試fixture
TW,TW_SUPER_LOTTO638,F0020,2024-01-20,first,14,16,19,21,24,33,,,,,,,,,,,,,,,,Numeris固定測試fixture
TW,TW_SUPER_LOTTO638,F0021,2024-01-21,first,7,10,14,19,34,35,,,,,,,,,,,,,,,,Numeris固定測試fixture
TW,TW_SUPER_LOTTO638,F0022,2024-01-22,first,7,8,14,27,28,35,,,,,,,,,,,,,,,,Numeris固定測試fixture
TW,TW_SUPER_LOTTO638,F0023,2024-01-23,first,11,19,21,23,24,36,,,,,,,,,,,,,,,,Numeris固定測試fixture
TW,TW_SUPER_LOTTO638,F0024,2024-01-24,first,8,13,14,18,20,35,,,,,,,,,,,,,,,,Numeris固定測試fixture
TW,TW_SUPER_LOTTO638,F0025,2024-01-25,first,2,4,6,10,21,28,,,,,,,,,,,,,,,,Numeris固定測試fixture
TW,TW_SUPER_LOTTO638,F0026,2024-01-26,first,2,18,23,25,29,33,,,,,,,,,,,,,,,,Numeris固定測試fixture
TW,TW_SUPER_LOTTO638,F0027,2024-01-27,first,14,16,17,19,24,37,,,,,,,,,,,,,,,,Numeris固定測試fixture
TW,TW_SUPER_LOTTO638,F0028,2024-01-28,first,1,13,23,29,31,32,,,,,,,,,,,,,,,,Numeris固定測試fixture
TW,TW_SUPER_LOTTO638,F0029,2024-01-29,first,3,5,18,23,30,34,,,,,,,,,,,,,,,,Numeris固定測試fixture
TW,TW_SUPER_LOTTO638,F0030,2024-01-30,first,2,4,7,8,20,21,,,,,,,,,,,,,,,,Numeris固定測試fixture
TW,TW_SUPER_LOTTO638,F0031,2024-01-31,first,6,7,13,18,22,36,,,,,,,,,,,,,,,,Numeris固定測試fixture
TW,TW_SUPER_LOTTO638,F0032,2024-02-01,first,8,18,20,30,36,37,,,,,,,,,,,,,,,,Numeris固定測試fixture
TW,TW_SUPER_LOTTO638,F0033,2024-02-02,first,1,3,9,17,33,38,,,,,,,,,,,,,,,,Numeris固定測試fixture
TW,TW_SUPER_LOTTO638,F0034,2024-02-03,first,7,12,24,27,32,34,,,,,,,,,,,,,,,,Numeris固定測試fixture
TW,TW_SUPER_LOTTO638,F0035,2024-02-04,first,1,3,19,20,34,37,,,,,,,,,,,,,,,,Numeris固定測試fixture
TW,TW_SUPER_LOTTO638,F0036,2024-02-05,first,11,14,16,27,29,33,,,,,,,,,,,,,,,,Numeris固定測試fixture
TW,TW_SUPER_LOTTO638,F0037,2024-02-06,first,1,6,10,11,17,18,,,,,,,,,,,,,,,,Numeris固定測試fixture
TW,TW_SUPER_LOTTO638,F0038,2024-02-07,first,15,17,19,25,37,38,,,,,,,,,,,,,,,,Numeris固定測試fixture
TW,TW_SUPER_LOTTO638,F0039,2024-02-08,first,4,6,7,24,28,37,,,,,,,,,,,,,,,,Numeris固定測試fixture
TW,TW_SUPER_LOTTO638,F0040,2024-02-09,first,2,7,14,20,30,35,,,,,,,,,,,,,,,,Numeris固定測試fixture
TW,TW_SUPER_LOTTO638,F0041,2024-02-10,first,4,14,15,20,22,36,,,,,,,,,,,,,,,,Numeris固定測試fixture
TW,TW_SUPER_LOTTO638,F0042,2024-02-11,first,1,8,19,25,31,36,,,,,,,,,,,,,,,,Numeris固定測試fixture
TW,TW_SUPER_LOTTO638,F0043,2024-02-12,first,6,12,18,20,21,29,,,,,,,,,,,,,,,,Numeris固定測試fixture
TW,TW_SUPER_LOTTO638,F0044,2024-02-13,first,17,23,25,26,27,38,,,,,,,,,,,,,,,,Numeris固定測試fixture
TW,TW_SUPER_LOTTO638,F0045,2024-02-14,first,1,7,12,16,29,33,,,,,,,,,,,,,,,,Numeris固定測試fixture
TW,TW_SUPER_LOTTO638,F0046,2024-02-15,first,6,8,26,31,32,37,,,,,,,,,,,,,,,,Numeris固定測試fixture
TW,TW_SUPER_LOTTO638,F0047,2024-02-16,first,6,13,18,27,35,38,,,,,,,,,,,,,,,,Numeris固定測試fixture
TW,TW_SUPER_LOTTO638,F0048,2024-02-17,first,19,26,27,30,33,34,,,,,,,,,,,,,,,,Numeris固定測試fixture
TW,TW_SUPER_LOTTO638,F0049,2024-02-18,first,3,20,22,27,33,37,,,,,,,,,,,,,,,,Numeris固定測試fixture
TW,TW_SUPER_LOTTO638,F0050,2024-02-19,first,4,5,24,26,31,37,,,,,,,,,,,,,,,,Numeris固定測試fixture
TW,TW_SUPER_LOTTO638,F0051,2024-02-20,first,1,7,11,16,30,32,,,,,,,,,,,,,,,,Numeris固定測試fixture
TW,TW_SUPER_LOTTO638,F0052,2024-02-21,first,2,7,11,24,25,31,,,,,,,,,,,,,,,,Numeris固定測試fixture
TW,TW_SUPER_LOTTO638,F0053,2024-02-22,first,1,5,11,14,19,34,,,,,,,,,,,,,,,,Numeris固定測試fixture
TW,TW_SUPER_LOTTO638,F0054,2024-02-23,first,1,14,27,28,31,34,,,,,,,,,,,,,,,,Numeris固定測試fixture
TW,TW_SUPER_LOTTO638,F0055,2024-02-24,first,15,16,24,26,27,29,,,,,,,,,,,,,,,,Numeris固定測試fixture
TW,TW_SUPER_LOTTO638,F0056,2024-02-25,first,3,4,13,15,16,30,,,,,,,,,,,,,,,,Numeris固定測試fixture
TW,TW_SUPER_LOTTO638,F0057,2024-02-26,first,8,9,11,18,26,31,,,,,,,,,,,,,,,,Numeris固定測試fixture
TW,TW_SUPER_LOTTO638,F0058,2024-02-27,first,19,22,32,33,35,36,,,,,,,,,,,,,,,,Numeris固定測試fixture
TW,TW_SUPER_LOTTO638,F0059,2024-02-28,first,16,17,21,22,23,37,,,,,,,,,,,,,,,,Numeris固定測試fixture
TW,TW_SUPER_LOTTO638,F0060,2024-02-29,first,6,7,16,26,33,38,,,,,,,,,,,,,,,,Numeris固定測試fixture
